Task,TabuLa-8B (0 shots),TabuLa-8B (1 shots),TabuLa-8B (2 shots),TabuLa-8B (3 shots),TabuLa-8B (4 shots),TabuLa-8B (8 shots),TabuLa-8B (16 shots),TabuLa-8B (32 shots),TabuLa-8B (64 shots),TabuLa-8B (128 shots),Random Baseline
amlb/data_scientist_salary,0.328,0.328,0.438,0.297,0.398,0.391,0.344,0.391,,,0.167
amlb/imdb_genre_prediction,0.844,0.727,0.695,0.812,0.742,0.711,0.812,0.828,,,0.5
amlb/jigsaw_unintended_bias100K,0.938,0.914,0.922,0.984,0.922,0.961,,,,,0.5
amlb/kick_starter_funding,0.594,0.641,0.547,0.594,0.68,0.562,0.641,0.609,,,0.5
amlb/melbourne_airbnb,0.727,0.852,0.898,,,,,,,,0.1
amlb/news_channel,0.297,0.227,0.242,0.273,0.227,0.172,0.312,,,,0.167
amlb/product_sentiment_machine_hack,0.406,0.445,0.469,0.414,0.438,0.508,0.469,0.531,0.648,,0.25
amlb/wine_reviews,0.648,0.617,0.641,0.68,0.711,0.695,0.68,,,,0.033
grinsztajn/cat_clf/albert,0.445,0.562,0.477,0.461,0.5,0.492,0.523,,,,0.5
grinsztajn/cat_clf/compas-two-years,0.547,0.516,0.508,0.578,0.539,0.547,0.578,0.602,,,0.5
grinsztajn/cat_clf/covertype,0.422,0.586,0.508,0.5,0.57,0.586,,,,,0.5
grinsztajn/cat_clf/default-of-credit-card-clients,0.508,,0.523,0.562,0.531,0.477,0.531,0.539,,,0.5
grinsztajn/cat_clf/electricity,0.461,0.57,0.617,0.562,0.641,0.656,0.594,0.664,,,0.5
grinsztajn/cat_clf/eye_movements,0.508,0.516,0.453,0.586,0.43,0.477,0.5,,,,0.5
grinsztajn/cat_clf/road-safety,0.508,0.57,0.617,0.641,0.477,0.5,0.547,,,,0.5
grinsztajn/cat_reg/Bike_Sharing_Demand,0.352,0.359,0.32,0.414,0.344,0.414,0.445,0.508,,,0.25
grinsztajn/cat_reg/Brazilian_houses,0.344,0.453,0.414,0.555,0.547,0.625,0.781,0.797,,,0.25
grinsztajn/cat_reg/Mercedes_Benz_Greener_Manufacturing,0.266,0.227,0.227,,,,,,,,0.25
grinsztajn/cat_reg/OnlineNewsPopularity,0.289,0.203,0.297,0.234,0.273,0.273,,,,,0.25
grinsztajn/cat_reg/SGEMM_GPU_kernel_performance,0.094,0.359,0.469,0.555,0.602,0.711,0.867,0.898,,,0.25
grinsztajn/cat_reg/analcatdata_supreme,0.461,0.352,0.32,0.461,0.453,0.492,0.758,0.914,,,0.333
grinsztajn/cat_reg/black_friday,0.203,0.266,0.305,0.195,0.234,0.289,0.289,0.297,,,0.25
grinsztajn/cat_reg/diamonds,0.344,0.398,0.516,0.609,0.547,0.609,0.656,0.688,,,0.25
grinsztajn/cat_reg/house_sales,0.258,0.398,0.344,0.375,0.453,0.484,0.484,,,,0.25
grinsztajn/cat_reg/nyc-taxi-green-dec-2016,0.242,0.414,0.359,0.469,0.445,0.461,0.523,,,,0.25
grinsztajn/cat_reg/particulate-matter-ukair-2017,0.305,0.453,0.438,0.516,0.375,0.523,0.523,,,,0.25
grinsztajn/cat_reg/visualizing_soil,0.281,0.234,0.336,0.453,0.383,0.375,0.453,0.688,,,0.25
grinsztajn/cat_reg/yprop_4_1,0.203,0.266,0.203,0.266,0.219,0.305,,,,,0.25
grinsztajn/num_clf/Diabetes130US,0.531,0.539,0.492,0.539,0.508,0.484,0.562,0.484,0.555,,0.5
grinsztajn/num_clf/MagicTelescope,0.555,0.602,0.656,0.711,0.703,0.734,0.75,0.695,,,0.5
grinsztajn/num_clf/MiniBooNE,0.461,0.43,0.57,0.578,0.539,0.57,,,,,0.5
grinsztajn/num_clf/bank-marketing,0.5,0.539,0.578,0.555,0.578,0.57,0.523,0.656,0.562,,0.5
grinsztajn/num_clf/california,0.453,0.609,0.602,0.609,0.578,0.555,0.703,0.742,0.703,,0.5
grinsztajn/num_clf/covertype,0.5,0.516,0.469,0.523,0.484,0.484,0.602,0.477,,,0.5
grinsztajn/num_clf/credit,0.562,0.648,0.656,0.609,0.578,0.57,0.625,0.656,,,0.5
grinsztajn/num_clf/default-of-credit-card-clients,0.516,0.477,0.492,0.539,0.477,0.438,0.484,0.523,,,0.5
grinsztajn/num_clf/electricity,0.547,0.469,0.523,0.617,0.609,0.602,0.664,0.602,0.695,,0.5
grinsztajn/num_clf/eye_movements,0.469,0.539,0.453,0.43,0.547,0.484,0.594,,,,0.5
grinsztajn/num_clf/heloc,0.5,0.539,0.508,0.484,0.508,0.617,0.523,,,,0.5
grinsztajn/num_clf/house_16H,0.477,0.539,0.484,0.578,0.609,0.656,0.586,,,,0.5
grinsztajn/num_clf/jannis,0.5,0.445,0.547,0.5,0.594,0.508,,,,,0.5
grinsztajn/num_clf/pol,0.523,0.555,0.477,0.57,0.484,0.672,0.695,0.773,,,0.5
grinsztajn/num_reg/Ailerons,0.266,0.289,0.266,0.336,0.289,0.273,,,,,0.25
grinsztajn/num_reg/Bike_Sharing_Demand,0.234,0.391,0.328,0.227,0.414,0.328,0.445,0.398,,,0.25
grinsztajn/num_reg/Brazilian_houses,0.25,0.484,0.477,0.5,0.57,0.648,0.719,0.812,,,0.25
grinsztajn/num_reg/MiamiHousing2016,0.25,0.281,0.289,0.375,0.352,0.367,0.398,,,,0.25
grinsztajn/num_reg/california,0.289,0.367,0.328,0.328,0.406,0.43,0.469,,,,0.25
grinsztajn/num_reg/cpu_act,0.359,0.211,0.32,0.25,0.32,0.414,0.5,,,,0.25
grinsztajn/num_reg/diamonds,0.391,0.531,0.469,0.57,0.602,0.648,0.695,0.688,,,0.25
grinsztajn/num_reg/elevators,0.188,0.273,0.273,0.258,0.266,0.281,0.242,,,,0.25
grinsztajn/num_reg/fifa,0.25,0.391,0.398,0.359,0.406,0.445,0.391,0.469,,,0.25
grinsztajn/num_reg/house_16H,0.336,0.273,0.32,0.375,0.32,0.359,0.43,,,,0.25
grinsztajn/num_reg/house_sales,0.328,0.492,0.438,0.414,0.492,0.398,0.453,,,,0.25
grinsztajn/num_reg/houses,0.258,0.328,0.359,0.305,0.312,0.438,0.367,0.445,,,0.25
grinsztajn/num_reg/isolet,0.262,,,,,,,,,,0.25
grinsztajn/num_reg/medical_charges,0.328,0.422,0.562,0.609,0.555,0.727,0.781,0.727,,,0.25
grinsztajn/num_reg/nyc-taxi-green-dec-2016,0.273,0.344,0.484,0.445,0.406,0.516,0.477,,,,0.25
grinsztajn/num_reg/pol,0.602,0.57,0.562,0.492,0.617,0.711,0.789,0.867,,,0.5
grinsztajn/num_reg/sulfur,0.258,0.188,0.203,0.242,0.227,0.281,0.367,0.383,,,0.25
grinsztajn/num_reg/superconduct,0.242,0.281,0.25,0.289,0.438,,,,,,0.25
grinsztajn/num_reg/wine_quality,0.578,0.547,0.531,0.578,0.508,0.547,0.578,0.516,,,0.333
grinsztajn/num_reg/year,0.227,0.242,0.242,0.32,0.289,,,,,,0.25
openml_cc18/Fashion-MNIST,0.07,,,,,,,,,,0.1
openml_cc18/GesturePhaseSegmentationProcessed,0.266,0.266,0.242,0.305,0.312,0.281,,,,,0.2
openml_cc18/MiceProtein,0.125,0.125,0.203,0.172,0.211,,,,,,0.125
openml_cc18/PhishingWebsites,0.516,0.531,0.523,0.617,0.656,0.734,0.641,,,,0.5
openml_cc18/adult,0.727,0.828,0.859,0.805,0.812,0.812,0.812,0.828,,,0.5
openml_cc18/analcatdata_authorship,0.234,0.344,0.367,0.391,0.438,0.414,0.672,,,,0.25
openml_cc18/analcatdata_dmft,0.125,0.211,0.156,0.148,0.156,0.164,0.148,0.125,0.211,,0.167
openml_cc18/bank-marketing,0.508,0.656,0.625,0.758,0.758,0.852,0.844,0.844,,,0.5
openml_cc18/banknote-authentication,0.477,0.594,0.641,0.68,0.68,0.797,0.883,0.922,0.992,,0.5
openml_cc18/blood-transfusion-service-center,0.516,0.547,0.578,0.617,0.664,0.594,0.633,0.586,0.68,0.734,0.5
openml_cc18/breast-w,0.938,0.977,0.898,0.93,0.961,0.977,0.961,0.984,,,0.5
openml_cc18/car,0.789,0.766,0.781,0.859,0.898,0.844,0.898,0.898,0.898,,0.25
openml_cc18/churn,0.703,0.781,0.789,0.812,0.758,0.805,0.859,0.914,,,0.5
openml_cc18/cmc,0.32,0.414,0.383,0.359,0.383,0.352,0.383,0.352,,,0.333
openml_cc18/cnae-9,0.172,,,,,,,,,,0.111
openml_cc18/connect-4,0.297,0.32,0.453,0.461,0.414,0.43,0.43,,,,0.333
openml_cc18/credit-approval,0.484,0.547,0.711,0.547,0.555,0.602,0.602,0.742,,,0.5
openml_cc18/credit-g,0.508,0.586,0.555,0.57,0.523,0.688,0.602,0.703,,,0.5
openml_cc18/diabetes,0.617,0.656,0.602,0.641,0.656,0.68,0.633,0.68,0.758,,0.5
openml_cc18/dna,0.312,0.352,0.414,0.383,0.43,,,,,,0.333
openml_cc18/electricity,0.438,0.609,0.531,0.523,0.633,0.641,0.703,0.711,,,0.5
openml_cc18/eucalyptus,0.273,0.242,0.289,0.289,0.352,0.422,0.422,0.359,,,0.2
openml_cc18/first-order-theorem-proving,0.211,0.18,0.195,0.25,0.195,0.203,,,,,0.167
openml_cc18/har,0.125,,,,,,,,,,0.167
openml_cc18/isolet,0.022,,,,,,,,,,0.038
openml_cc18/jm1,0.812,0.727,0.734,0.805,0.75,0.805,0.734,0.805,,,0.5
openml_cc18/jungle_chess_2pcs_raw_endgame_complete,0.477,0.477,0.477,0.469,0.555,0.508,0.367,0.516,0.547,,0.333
openml_cc18/kc1,0.852,0.781,0.812,0.773,0.836,0.82,0.844,0.82,,,0.5
openml_cc18/kr-vs-kp,0.469,0.484,0.477,0.5,0.508,0.586,0.484,,,,0.5
openml_cc18/letter,0.039,0.07,0.031,0.125,0.07,0.133,0.219,0.266,,,0.038
openml_cc18/madelon,0.531,,,,,,,,,,0.5
openml_cc18/mfeat-factors,0.078,0.148,0.203,0.102,0.172,,,,,,0.1
openml_cc18/mfeat-fourier,0.086,0.203,0.086,0.195,0.172,,,,,,0.1
openml_cc18/mfeat-karhunen,0.078,0.148,0.219,0.125,0.141,,,,,,0.1
openml_cc18/mfeat-morphological,0.141,0.102,0.164,0.172,0.188,0.258,0.398,0.555,,,0.1
openml_cc18/mfeat-pixel,0.109,0.102,0.156,0.125,,,,,,,0.1
openml_cc18/mfeat-zernike,0.141,0.094,0.094,0.242,0.141,0.172,,,,,0.1
openml_cc18/mnist_784,0.148,,,,,,,,,,0.1
openml_cc18/nomao,0.398,0.508,0.602,0.672,0.742,,,,,,0.5
openml_cc18/numerai28.6,0.539,0.547,0.531,0.492,0.469,0.391,0.594,,,,0.5
openml_cc18/optdigits,0.07,0.086,0.117,0.188,0.094,0.102,,,,,0.1
openml_cc18/ozone-level-8hr,0.445,0.781,0.828,0.836,0.852,,,,,,0.5
openml_cc18/pc1,0.766,0.922,0.883,0.859,0.945,0.906,0.883,0.898,,,0.5
openml_cc18/pc3,0.82,0.781,0.766,0.883,0.875,0.891,0.852,,,,0.5
openml_cc18/pc4,0.609,0.812,0.859,0.805,0.914,0.922,0.844,,,,0.5
openml_cc18/pendigits,0.039,0.102,0.125,0.234,0.242,0.406,0.445,0.523,,,0.1
openml_cc18/phoneme,0.453,0.539,0.664,0.633,0.641,0.68,0.664,0.734,0.734,,0.5
openml_cc18/qsar-biodeg,0.508,0.469,0.516,0.492,0.523,0.711,0.703,,,,0.5
openml_cc18/satimage,0.18,0.258,0.172,0.219,0.32,0.539,,,,,0.167
openml_cc18/segment,0.195,0.305,0.305,0.367,0.438,0.508,0.617,,,,0.143
openml_cc18/semeion,0.148,0.117,0.117,0.078,,,,,,,0.1
openml_cc18/sick,0.938,0.961,0.922,0.953,0.914,0.93,0.883,,,,0.5
openml_cc18/spambase,0.555,0.648,0.664,0.703,0.68,0.742,,,,,0.5
openml_cc18/splice,0.336,0.344,0.359,0.367,0.328,0.469,0.352,,,,0.333
openml_cc18/steel-plates-fault,0.141,0.211,0.203,0.188,0.273,0.406,0.383,,,,0.143
openml_cc18/texture,0.07,0.062,0.164,0.172,0.18,0.266,,,,,0.091
openml_cc18/tic-tac-toe,0.383,0.461,0.547,0.547,0.609,0.469,0.539,0.523,0.602,,0.5
openml_cc18/vehicle,0.219,0.211,0.297,0.297,0.258,0.344,0.383,0.484,,,0.25
openml_cc18/vowel,0.055,0.109,0.023,0.125,0.125,0.219,0.258,0.172,,,0.091
openml_cc18/wall-robot-navigation,0.25,0.297,0.344,0.352,0.305,0.367,0.414,,,,0.25
openml_cc18/wilt,0.594,0.875,0.836,0.883,0.812,0.906,0.938,0.969,0.93,,0.5
openml_ctr23/Moneyball,0.477,0.43,0.438,0.555,0.375,0.477,0.508,0.609,,,0.25
openml_ctr23/QSAR_fish_toxicity,0.266,0.211,0.383,0.289,0.305,0.391,0.312,0.484,,,0.25
openml_ctr23/abalone,0.273,0.359,0.359,0.445,0.43,0.367,0.516,0.406,,,0.25
openml_ctr23/airfoil_self_noise,0.258,0.281,0.258,0.234,0.305,0.305,0.281,0.383,,,0.25
openml_ctr23/auction_verification,0.266,0.273,0.242,0.32,0.344,0.359,0.328,0.398,,,0.25
openml_ctr23/brazilian_houses,0.438,0.461,0.508,0.516,0.578,0.562,0.539,0.633,,,0.25
openml_ctr23/california_housing,0.32,0.297,0.359,0.367,0.375,0.469,0.422,0.461,,,0.25
openml_ctr23/cars,0.359,0.352,0.352,0.375,0.336,0.43,0.539,0.656,,,0.25
openml_ctr23/concrete_compressive_strength,0.328,0.461,0.453,0.547,0.484,0.469,0.461,0.562,,,0.25
openml_ctr23/cps88wages,0.391,0.312,0.359,0.406,0.367,0.398,0.383,0.422,,,0.25
openml_ctr23/cpu_activity,0.25,0.258,0.312,0.312,0.375,0.414,0.57,,,,0.25
openml_ctr23/diamonds,0.438,0.617,0.625,0.633,0.68,0.68,0.773,0.742,,,0.25
openml_ctr23/energy_efficiency,0.391,0.344,0.344,0.414,0.461,0.586,0.75,0.719,,,0.25
openml_ctr23/fifa,0.352,0.344,0.453,0.398,0.359,0.484,0.508,,,,0.25
openml_ctr23/fps_benchmark,0.242,0.344,0.297,0.398,0.367,0.328,,,,,0.25
openml_ctr23/geographical_origin_of_music,0.281,0.234,0.227,0.242,,,,,,,0.25
openml_ctr23/grid_stability,0.242,0.375,0.328,0.297,0.297,0.336,0.336,,,,0.25
openml_ctr23/health_insurance,0.406,0.5,0.469,0.469,0.5,0.398,0.484,0.633,,,0.333
openml_ctr23/kin8nm,0.312,0.219,0.164,0.25,0.242,0.344,0.258,0.297,,,0.25
openml_ctr23/kings_county,0.305,0.391,0.383,0.367,0.422,0.375,0.398,,,,0.25
openml_ctr23/miami_housing,0.273,0.328,0.383,0.312,0.391,0.398,0.375,,,,0.25
openml_ctr23/naval_propulsion_plant,0.211,0.258,0.25,0.305,0.227,0.266,0.258,,,,0.25
openml_ctr23/physiochemical_protein,0.242,0.219,0.234,0.18,0.289,0.234,0.25,0.281,,,0.25
openml_ctr23/pumadyn32nh,0.219,0.25,0.172,0.266,0.273,0.227,,,,,0.25
openml_ctr23/red_wine,0.523,0.539,0.547,0.531,0.508,0.562,0.57,0.656,,,0.333
openml_ctr23/sarcos,0.227,0.195,0.312,0.328,0.203,0.281,0.312,,,,0.25
openml_ctr23/socmob,0.391,0.539,0.539,0.484,0.523,0.641,0.656,0.695,,,0.25
openml_ctr23/space_ga,0.203,0.234,0.25,0.219,0.219,0.266,0.297,0.305,,,0.25
openml_ctr23/student_performance_por,0.375,0.305,0.32,0.266,0.258,0.328,0.336,,,,0.25
openml_ctr23/superconductivity,0.25,0.297,0.328,0.336,0.352,,,,,,0.25
openml_ctr23/video_transcoding,0.25,0.164,0.203,0.25,0.336,0.305,0.312,,,,0.25
openml_ctr23/wave_energy,0.234,0.297,0.281,0.297,0.273,0.375,,,,,0.25
openml_ctr23/white_wine,0.484,0.531,0.523,0.539,0.594,0.523,0.539,0.594,,,0.333
unipredict/aakashjoshi123/exercise-and-fitness-metrics-dataset,0.383,0.555,0.539,0.547,0.641,0.727,0.82,0.766,,,0.25
unipredict/aakashjoshi123/spotify-top-hits-data,0.555,0.695,0.68,0.742,0.797,0.773,0.766,0.781,,,0.077
unipredict/abcsds/pokemon,0.977,0.992,0.984,0.992,0.984,0.984,0.992,0.992,,,0.059
unipredict/adityakadiwal/water-potability,0.562,0.469,0.484,0.43,0.469,0.578,0.523,0.516,,,0.5
unipredict/agirlcoding/all-space-missions-from-1957,0.891,0.922,0.914,0.914,0.875,0.906,0.891,0.867,,,0.333
unipredict/ahsan81/food-ordering-and-delivery-app-dataset,0.273,0.266,0.258,0.242,0.266,0.234,0.234,0.242,0.234,,0.25
unipredict/ahsan81/superstore-marketing-campaign-dataset,0.516,0.602,0.672,0.625,0.727,0.781,0.797,0.766,,,0.5
unipredict/akshaydattatraykhare/diabetes-dataset,0.586,0.586,0.625,0.719,0.742,0.711,0.781,0.672,0.641,,0.5
unipredict/alexisbcook/pakistan-intellectual-capital,0.609,0.5,0.625,0.578,0.656,0.656,0.68,,,,0.083
unipredict/alirezachahardoli/bank-personal-loan-1,0.758,0.797,0.844,0.906,0.773,0.883,0.859,0.914,0.945,,0.5
unipredict/altruistdelhite04/gold-price-data,0.562,0.633,0.672,0.719,0.68,0.688,0.766,0.867,,,0.25
unipredict/amirhosseinmirzaie/countries-life-expectancy,0.766,0.75,0.773,0.695,0.719,0.734,0.75,,,,0.25
unipredict/amirhosseinmirzaie/pistachio-types-detection,0.547,0.547,0.516,0.664,0.57,0.734,0.789,,,,0.5
unipredict/ananthr1/weather-prediction,0.703,0.773,0.797,0.797,0.828,0.828,0.867,0.812,0.867,,0.2
unipredict/andrewmvd/fetal-health-classification,0.211,0.641,0.766,0.773,0.734,0.75,0.742,,,,0.333
unipredict/andrewmvd/udemy-courses,1.0,1.0,1.0,0.969,1.0,0.992,1.0,0.992,,,0.25
unipredict/arashnic/time-series-forecasting-with-yahoo-stock-price,0.992,0.984,0.992,0.984,1.0,0.977,0.992,0.984,,,0.25
unipredict/arnabchaki/data-science-salaries-2023,0.898,0.938,0.984,0.945,0.961,0.945,0.969,0.969,,,0.25
unipredict/arnabchaki/indian-restaurants-2023,0.281,0.336,0.242,0.281,0.289,0.258,0.266,0.242,,,0.25
unipredict/arnavsmayan/netflix-userbase-dataset,0.344,0.219,0.258,0.352,0.305,0.305,0.32,0.352,0.281,,0.333
unipredict/arnavsmayan/vehicle-manufacturing-dataset,0.055,0.055,0.055,0.039,0.047,0.086,0.07,0.062,,,0.059
unipredict/arslanr369/bitcoin-price-2014-2023,1.0,0.992,0.977,0.977,0.992,1.0,1.0,0.984,,,0.25
unipredict/ashishkumarjayswal/diabetes-dataset,0.516,0.672,0.641,0.758,0.68,0.711,0.648,0.742,0.719,,0.5
unipredict/ashishkumarjayswal/movies-updated-data,0.656,0.578,0.539,0.617,0.555,0.555,0.555,0.641,,,0.091
unipredict/atharvaingle/crop-recommendation-dataset,0.055,0.141,0.156,0.266,0.32,0.359,0.562,0.695,,,0.045
unipredict/awaiskaggler/insurance-csv,0.398,0.492,0.547,0.633,0.547,0.695,0.547,0.695,,,0.25
unipredict/azminetoushikwasi/-lionel-messi-all-club-goals,0.219,0.352,0.398,0.469,0.414,0.523,0.531,0.469,,,0.111
unipredict/barun2104/telecom-churn,0.844,0.836,0.82,0.758,0.836,0.883,0.875,0.836,,,0.5
unipredict/bhanupratapbiswas/bollywood-actress-name-and-movie-list,0.258,0.383,0.516,0.445,0.43,0.57,0.641,0.656,,,0.125
unipredict/bhanupratapbiswas/fashion-products,0.359,0.336,0.352,0.312,0.367,0.375,0.328,0.406,0.234,,0.333
unipredict/bhanupratapbiswas/uber-data-analysis,0.617,0.57,0.742,0.781,0.82,0.883,0.898,0.922,0.922,,0.5
unipredict/bhanupratapbiswas/world-top-billionaires,0.383,0.539,0.492,0.461,0.531,0.523,0.758,,,,0.25
unipredict/bharath011/heart-disease-classification-dataset,0.531,0.5,0.609,0.531,0.641,0.641,0.648,0.844,0.883,,0.5
unipredict/bhavkaur/hotel-guests-dataset,0.43,0.438,0.484,0.641,0.594,0.805,0.75,0.867,,,0.333
unipredict/bhavkaur/simplified-titanic-dataset,0.555,0.57,0.602,0.578,0.523,0.648,0.688,0.734,0.711,0.695,0.5
unipredict/blastchar/telco-customer-churn,0.711,0.703,0.703,0.68,0.719,0.602,0.703,0.711,,,0.5
unipredict/bretmathyer/telemedicine-used,0.5,0.594,0.539,0.617,0.555,0.578,0.695,,,,0.5
unipredict/buntyshah/auto-insurance-claims-data,0.602,0.695,0.656,0.602,0.594,0.602,0.578,,,,0.5
unipredict/carolzhangdc/imdb-5000-movie-dataset,0.484,0.516,0.531,0.586,0.516,0.523,0.594,,,,0.25
unipredict/chirin/africa-economic-banking-and-systemic-crisis-data,0.953,0.953,0.938,0.969,0.953,0.898,0.969,0.977,,,0.5
unipredict/christinestevens/cstevens-peloton-data,0.984,1.0,0.992,0.992,0.992,0.992,1.0,1.0,,,0.143
unipredict/cpluzshrijayan/milkquality,0.406,0.422,0.469,0.336,0.406,0.547,0.5,0.711,0.781,,0.333
unipredict/crxxom/manhwa-dataset,0.695,0.734,0.805,0.852,0.859,0.898,0.922,,,,0.25
unipredict/dansbecker/aer-credit-card-data,0.609,0.742,0.633,0.703,0.742,0.844,0.906,0.93,0.953,,0.5
unipredict/deependraverma13/diabetes-healthcare-comprehensive-dataset,0.602,0.641,0.695,0.586,0.68,0.719,0.75,0.734,0.664,,0.5
unipredict/desalegngeb/german-fintech-companies,0.758,0.727,0.773,0.789,0.789,0.836,0.883,,,,0.25
unipredict/dileep070/heart-disease-prediction-using-logistic-regression,0.789,0.727,0.828,0.773,0.75,0.836,0.844,0.805,,,0.5
unipredict/dsfelix/us-stores-sales,0.547,0.562,0.625,0.562,0.648,0.727,0.789,,,,0.25
unipredict/elakiricoder/gender-classification-dataset,0.594,0.648,0.648,0.641,0.719,0.781,0.891,0.883,0.891,,0.5
unipredict/fedesoriano/stroke-prediction-dataset,0.945,0.969,0.953,0.969,0.977,0.93,0.969,0.945,0.93,,0.5
unipredict/gabrielsantello/cars-purchase-decision-dataset,0.383,0.586,0.617,0.641,0.609,0.547,0.727,0.82,0.875,0.852,0.5
unipredict/gauravduttakiit/resume-dataset,0.906,0.953,0.93,0.914,0.969,,,,,,0.04
unipredict/geomack/spotifyclassification,0.422,0.445,0.531,0.578,0.641,0.633,0.914,0.984,,,0.5
unipredict/gyanprakashkushwaha/laptop-price-prediction-cleaned-dataset,0.328,0.484,0.375,0.492,0.562,0.555,0.57,0.57,,,0.25
unipredict/hansrobertson/american-companies-profits-and-benefits-from-ai,0.25,0.25,0.234,0.281,0.297,0.273,0.297,0.242,,,0.25
unipredict/harishkumardatalab/medical-insurance-price-prediction,0.336,0.609,0.562,0.641,0.586,0.633,0.75,0.75,,,0.25
unipredict/harshitshankhdhar/imdb-dataset-of-top-1000-movies-and-tv-shows,0.43,0.445,0.398,0.383,0.445,0.422,0.477,,,,0.25
unipredict/hashemi221022/bank-loans,0.773,0.797,0.891,0.844,0.844,0.836,0.852,0.867,0.906,,0.5
unipredict/hashemi221022/diabetes,0.508,0.648,0.641,0.664,0.75,0.789,0.734,0.656,0.625,,0.5
unipredict/hawkingcr/airbnb-for-boston-with-fraud-detection,0.789,0.703,0.812,0.727,0.719,0.719,0.648,0.797,,,0.5
unipredict/hemanthhari/psycological-effects-of-covid,0.414,0.383,0.328,0.406,0.391,0.391,0.414,0.57,,,0.143
unipredict/hesh97/titanicdataset-traincsv,0.797,0.727,0.797,0.805,0.734,0.695,0.766,0.703,0.805,,0.5
unipredict/iamsumat/spotify-top-2000s-mega-dataset,0.305,0.461,0.438,0.414,0.406,0.391,0.406,0.516,,,0.25
unipredict/iqmansingh/company-employee-dataset,0.641,0.562,0.594,0.508,0.539,0.578,0.617,0.586,,,0.05
unipredict/ishadss/productivity-prediction-of-garment-employees,0.391,0.375,0.461,0.344,0.43,0.484,0.438,,,,0.25
unipredict/jainilcoder/netflix-stock-price-prediction,1.0,0.953,0.969,0.984,0.992,0.984,0.992,0.992,,,0.25
unipredict/jillanisofttech/brain-stroke-dataset,0.969,0.953,0.961,0.938,0.961,0.953,0.945,0.953,0.977,,0.5
unipredict/kabure/german-credit-data-with-risk,0.594,0.578,0.523,0.578,0.586,0.547,0.625,0.695,0.672,,0.5
unipredict/kandij/diabetes-dataset,0.562,0.695,0.672,0.688,0.758,0.727,0.68,0.711,0.703,,0.5
unipredict/kanths028/usa-housing,0.195,0.234,0.258,0.32,0.281,0.203,0.328,,,,0.25
unipredict/kingabzpro/cosmetics-datasets,0.859,0.844,0.773,0.898,0.836,0.797,0.82,,,,0.167
unipredict/kreeshrajani/human-stress-prediction,0.547,0.633,0.57,0.586,0.633,0.586,0.562,0.664,,,0.5
unipredict/kumargh/pimaindiansdiabetescsv,0.117,0.133,0.125,0.094,0.172,0.125,0.172,0.141,,,0.077
unipredict/larsen0966/student-performance-data-set,0.297,0.336,0.242,0.375,0.266,0.359,0.273,,,,0.077
unipredict/lightonkalumba/us-womens-labor-force-participation,0.891,1.0,0.992,0.992,0.992,1.0,1.0,1.0,,,0.5
unipredict/mahnazarjmand/bank-personal-loan,0.758,0.836,0.828,0.891,0.828,0.93,0.93,0.922,0.93,,0.5
unipredict/maryalebron/life-expectancy-data,0.023,0.023,0.031,0.023,0.023,0.016,0.031,,,,0.028
unipredict/maryammanoochehry/bank-personal-loan,0.844,0.836,0.828,0.859,0.891,0.82,0.922,0.883,0.883,,0.5
unipredict/mathchi/diabetes-data-set,0.5,0.633,0.625,0.727,0.695,0.672,0.648,0.68,0.617,,0.5
unipredict/mayankpatel14/second-hand-used-cars-data-set-linear-regression,0.234,0.258,0.289,0.219,0.203,0.328,0.281,0.297,,,0.25
unipredict/mayurdalvi/simple-linear-regression-placement-data,0.453,0.5,0.516,0.508,0.516,0.508,0.578,0.594,0.438,0.508,0.5
unipredict/mayuriawati/bangalore-chain-restaurants-ratings-and-reviews,0.891,0.805,0.852,0.844,0.875,0.859,0.93,,,,0.045
unipredict/mazlumi/ielts-writing-scored-essays-dataset,0.109,0.18,0.211,0.219,0.227,0.195,,,,,0.083
unipredict/mfaisalqureshi/spam-email,0.703,0.789,0.773,0.805,0.891,0.914,0.969,0.984,0.977,0.992,0.5
unipredict/mirichoi0218/insurance,0.25,0.523,0.586,0.648,0.633,0.594,0.734,0.719,,,0.25
unipredict/nancyalaswad90/review,0.617,0.664,0.703,0.641,0.641,0.75,0.695,0.68,0.75,,0.5
unipredict/naveenkumar20bps1137/predict-students-dropout-and-academic-success,0.039,0.031,0.039,0.039,0.086,0.094,0.227,,,,0.059
unipredict/nikhil1e9/netflix-stock-price,0.984,0.977,1.0,1.0,0.977,0.992,1.0,0.984,,,0.25
unipredict/noordeen/insurance-premium-prediction,0.461,0.492,0.57,0.586,0.531,0.656,0.633,0.734,,,0.25
unipredict/oles04/bundesliga-seasons,1.0,1.0,1.0,1.0,1.0,1.0,1.0,,,,0.5
unipredict/oles04/top-leagues-player,0.484,0.703,0.734,0.766,0.641,0.68,0.719,0.609,,,0.25
unipredict/patelprashant/employee-attrition,0.805,0.82,0.789,0.789,0.82,0.828,0.812,,,,0.5
unipredict/pavansubhasht/ibm-hr-analytics-attrition-dataset,0.82,0.812,0.844,0.82,0.883,0.836,0.852,,,,0.5
unipredict/phangud/spamcsv,0.664,0.773,0.836,0.844,0.883,0.875,0.922,0.969,0.984,0.992,0.5
unipredict/prevek18/ames-housing-dataset,0.445,0.539,0.609,0.516,0.625,0.648,,,,,0.25
unipredict/primaryobjects/voicegender,0.445,0.453,0.656,0.586,0.516,0.586,0.742,,,,0.5
unipredict/prkhrawsthi/bitcoin-usd-daily-price-with-volume-2015-2023,0.961,0.969,0.977,0.992,0.969,0.984,0.984,0.984,,,0.25
unipredict/rajyellow46/wine-quality,0.352,0.391,0.375,0.414,0.453,0.391,0.391,0.438,,,0.143
unipredict/ravibarnawal/mutual-funds-india-detailed,0.203,0.211,0.195,0.211,0.227,0.242,0.266,0.219,,,0.167
unipredict/receplyasolu/6k-weather-labeled-spotify-songs,0.141,0.18,0.117,0.188,0.172,0.242,0.203,0.273,,,0.125
unipredict/redwankarimsony/heart-disease-data,0.273,0.289,0.312,0.375,0.484,0.445,0.547,0.555,,,0.2
unipredict/reihanenamdari/breast-cancer,0.344,0.25,0.289,0.336,0.289,0.258,0.305,0.297,,,0.25
unipredict/rishikeshkonapure/hr-analytics-prediction,0.82,0.766,0.82,0.773,0.836,0.812,0.828,,,,0.5
unipredict/rkiattisak/student-performance-in-mathematics,0.453,0.531,0.477,0.508,0.477,0.578,0.57,0.547,,,0.25
unipredict/rounakbanik/pokemon,0.977,0.977,0.977,1.0,0.969,0.992,0.984,,,,0.5
unipredict/rpaguirre/tesla-stock-price,0.977,0.977,0.969,0.984,0.992,0.984,0.992,0.984,,,0.25
unipredict/rtatman/chocolate-bar-ratings,0.109,0.109,0.141,0.125,0.141,0.203,0.195,0.227,,,0.1
unipredict/ruchi798/student-feedback-survey-responses,0.117,0.094,0.078,0.062,0.062,0.086,0.094,0.07,,,0.1
unipredict/ruchi798/tv-shows-on-netflix-prime-video-hulu-and-disney,0.25,0.203,0.273,0.266,0.312,0.422,0.461,0.477,,,0.167
unipredict/sabasaeed1953/stock-prices-of-2023,0.984,0.969,0.984,0.977,0.969,0.977,0.992,0.977,,,0.25
unipredict/saloni1712/chatgpt-app-reviews,0.625,0.648,0.68,0.617,0.602,0.633,0.68,0.633,0.703,,0.2
unipredict/sanjanchaudhari/bankloan,0.656,0.633,0.648,0.734,0.648,0.672,0.586,0.594,0.664,,0.5
unipredict/sanjanchaudhari/netflix-dataset,0.602,0.531,0.539,0.578,0.5,0.547,0.516,0.5,,,0.1
unipredict/sanjanchaudhari/user-behavior-on-instagram,0.469,0.5,0.57,0.523,0.547,0.68,0.828,0.766,0.773,,0.5
unipredict/saunakghosh/nba-players-dataset,0.828,0.648,0.766,0.734,0.719,0.852,0.648,0.836,,,0.125
unipredict/saurabh00007/diabetescsv,0.578,0.719,0.578,0.609,0.695,0.695,0.703,0.703,0.664,,0.5
unipredict/sbhatti/financial-sentiment-analysis,0.594,0.625,0.57,0.609,0.602,0.656,0.625,0.68,0.555,,0.333
unipredict/shashankshukla123123/marketing-campaign,0.266,0.609,0.781,0.758,0.812,0.844,0.82,,,,0.5
unipredict/shivamb/disney-movies-and-tv-shows,0.883,0.969,0.961,0.969,0.969,0.977,0.977,0.984,,,0.5
unipredict/shivamb/hm-stores-dataset,0.211,0.508,0.578,0.438,0.547,0.5,0.477,,,,0.25
unipredict/shreyanshverma27/imdb-horror-chilling-movie-dataset,0.398,0.539,0.484,0.438,0.484,0.5,0.484,0.5,,,0.25
unipredict/shreyapurohit/anime-data,0.266,0.398,0.625,0.734,0.789,0.828,0.938,0.906,,,0.25
unipredict/shroukgomaa/babies-food-ingredients,0.289,0.234,0.273,0.305,0.32,0.281,0.484,,,,0.25
unipredict/shubhamgupta012/titanic-dataset,0.742,0.695,0.758,0.711,0.703,0.727,0.773,0.734,0.797,,0.5
unipredict/siddharthss/crop-recommendation-dataset,0.102,0.125,0.148,0.234,0.227,0.391,0.43,0.625,,,0.045
unipredict/sidhus/crab-age-prediction,0.047,0.078,0.172,0.094,0.148,0.125,0.148,0.195,,,0.053
unipredict/suraj520/dairy-goods-sales-dataset,0.617,0.539,0.508,0.625,0.508,0.68,0.711,,,,0.25
unipredict/surajjha101/stores-area-and-sales-data,0.25,0.188,0.258,0.258,0.234,0.266,0.32,0.25,,,0.25
unipredict/surajjha101/top-youtube-channels-data,0.508,0.461,0.516,0.445,0.508,0.375,0.492,0.469,,,0.077
unipredict/tahzeer/indian-startups-by-state,0.062,0.117,0.172,0.172,0.141,0.234,,,,,0.012
unipredict/tarkkaanko/amazon,0.469,0.859,0.82,0.82,0.766,0.875,0.836,,,,0.2
unipredict/team-ai/spam-text-message-classification,0.75,0.719,0.758,0.844,0.867,0.969,0.938,0.961,0.977,1.0,0.5
unipredict/teertha/ushealthinsurancedataset,0.312,0.578,0.602,0.625,0.617,0.656,0.789,0.711,,,0.25
unipredict/tejashvi14/employee-future-prediction,0.516,0.586,0.594,0.461,0.531,0.641,0.609,0.477,0.469,,0.5
unipredict/tejashvi14/engineering-placements-prediction,0.617,0.594,0.531,0.594,0.594,0.57,0.656,0.773,0.75,,0.5
unipredict/thedevastator/cancer-patients-and-air-pollution-a-new-link,0.039,0.039,0.039,0.062,0.109,0.047,0.102,,,,0.029
unipredict/thedevastator/employee-attrition-and-factors,0.805,0.828,0.789,0.883,0.812,0.805,0.781,,,,0.5
unipredict/thedevastator/higher-education-predictors-of-student-retention,0.672,0.812,0.883,0.844,0.867,0.859,0.906,,,,0.5
unipredict/therealsampat/predict-movie-success-rate,0.617,0.727,0.906,0.844,0.883,0.898,0.805,,,,0.5
unipredict/timoboz/tesla-stock-data-from-2010-to-2020,0.992,0.992,0.992,0.977,0.984,1.0,0.984,1.0,,,0.25
unipredict/uciml/mushroom-classification,0.555,0.57,0.656,0.789,0.734,0.812,0.898,0.961,,,0.5
unipredict/uciml/pima-indians-diabetes-database,0.648,0.672,0.648,0.664,0.664,0.664,0.68,0.703,0.734,,0.5
unipredict/uciml/red-wine-quality-cortez-et-al-2009,0.344,0.305,0.438,0.352,0.344,0.43,0.414,0.461,,,0.2
unipredict/varpit94/tesla-stock-data-updated-till-28jun2021,0.984,0.992,0.961,0.992,1.0,1.0,0.992,1.0,,,0.25
unipredict/vedavyasv/usa-housing,0.242,0.219,0.258,0.25,0.305,0.305,0.398,,,,0.25
unipredict/vijayvvenkitesh/microsoft-stock-time-series-analysis,0.984,1.0,0.984,0.977,0.977,0.984,0.977,0.953,,,0.25
unipredict/vikramamin/customer-churn-decision-tree-and-random-forest,0.711,0.672,0.672,0.664,0.711,0.719,0.688,0.664,,,0.5
unipredict/vikramamin/time-series-forecasting-using-prophet-in-r,0.211,0.289,0.336,0.367,0.359,0.406,0.484,0.578,,,0.25
unipredict/vstacknocopyright/blood-transfusion-service-center-data,0.484,0.422,0.477,0.523,0.57,0.578,0.781,0.672,0.727,0.609,0.5
unipredict/warcoder/earthquake-dataset,0.82,0.773,0.883,0.828,0.82,0.906,0.93,,,,0.25
unipredict/whenamancodes/predict-diabities,0.672,0.625,0.664,0.68,0.695,0.68,0.711,0.781,0.688,,0.5
unipredict/whenamancodes/students-performance-in-exams,0.5,0.539,0.531,0.578,0.453,0.492,0.516,0.5,,,0.25
unipredict/yasserh/titanic-dataset,0.711,0.742,0.695,0.805,0.727,0.789,0.781,0.805,0.773,,0.5
unipredict/yasserh/wine-quality-dataset,0.391,0.414,0.43,0.367,0.359,0.547,0.391,0.5,,,0.2
